player,game_date,target
Byron Scott,2022-10-18,33.0
Byron Scott,2022-10-21,34.0
Byron Scott,2022-10-23,33.0
Byron Scott,2022-10-25,21.0
Byron Scott,2022-10-27,33.0
Byron Scott,2022-10-29,31.0
Byron Scott,2022-10-30,32.0
Byron Scott,2022-11-01,23.0
Byron Scott,2022-11-03,39.0
Byron Scott,2022-11-07,47.0
Byron Scott,2022-11-11,40.0
Byron Scott,2022-11-13,27.0
Byron Scott,2022-11-14,16.0
Byron Scott,2022-11-16,50.0
Byron Scott,2022-11-18,24.0
Byron Scott,2022-11-20,33.0
Byron Scott,2022-11-23,22.0
Byron Scott,2022-11-25,33.0
Byron Scott,2022-11-27,25.0
Byron Scott,2022-11-29,32.0
Byron Scott,2022-12-02,19.0
Byron Scott,2022-12-03,30.0
Byron Scott,2022-12-05,12.0
Byron Scott,2022-12-10,32.0
Byron Scott,2022-12-13,20.0
Byron Scott,2022-12-14,38.0
Byron Scott,2023-01-10,24.0
Byron Scott,2023-01-13,15.0
Byron Scott,2023-01-15,20.0
Byron Scott,2023-01-16,41.0
Byron Scott,2023-01-19,29.0
Byron Scott,2023-01-22,26.0
Byron Scott,2023-01-25,34.0
Byron Scott,2023-01-27,35.0
Byron Scott,2023-01-30,38.0
Byron Scott,2023-02-01,29.0
Byron Scott,2023-02-02,28.0
Byron Scott,2023-02-04,21.0
Byron Scott,2023-03-05,27.0
Byron Scott,2023-03-07,40.0
Byron Scott,2023-03-09,29.0
Byron Scott,2023-03-11,36.0
Byron Scott,2023-03-13,23.0
Byron Scott,2023-03-15,50.0
Byron Scott,2023-03-17,31.0
Byron Scott,2023-03-18,16.0
Byron Scott,2023-03-20,30.0
Byron Scott,2023-03-22,20.0
Byron Scott,2023-03-24,29.0
Byron Scott,2023-03-26,20.0
Byron Scott,2023-03-28,39.0
Byron Scott,2023-03-31,33.0
Byron Scott,2023-04-02,21.0
Byron Scott,2023-04-04,34.0
Byron Scott,2023-04-07,25.0
Byron Scott,2023-04-09,26.0
Byron Scott,2023-10-24,27.0
Byron Scott,2023-10-27,41.0
Byron Scott,2023-10-29,24.0
Byron Scott,2023-10-30,42.0
Byron Scott,2023-11-01,21.0
Byron Scott,2023-11-03,30.0
Byron Scott,2023-11-05,28.0
Byron Scott,2023-11-06,34.0
Byron Scott,2023-11-08,23.0
Byron Scott,2023-11-11,30.0
Byron Scott,2023-11-12,38.0
Byron Scott,2023-11-18,25.0
Byron Scott,2023-11-20,32.0
Byron Scott,2023-11-22,16.0
Byron Scott,2023-11-24,35.0
Byron Scott,2023-11-28,29.0
Byron Scott,2023-11-30,26.0
Byron Scott,2023-12-02,22.0
Byron Scott,2023-12-06,31.0
Byron Scott,2023-12-08,34.0
Byron Scott,2023-12-12,24.0
Byron Scott,2023-12-14,17.0
Byron Scott,2023-12-16,37.0
Byron Scott,2023-12-17,7.0
Byron Scott,2023-12-19,33.0
Byron Scott,2023-12-22,30.0
Byron Scott,2023-12-23,27.0
Byron Scott,2023-12-25,18.0
Byron Scott,2023-12-28,13.0
Byron Scott,2023-12-30,25.0
Byron Scott,2024-01-02,36.0
Byron Scott,2024-01-04,30.0
Byron Scott,2024-01-05,26.0
Byron Scott,2024-01-07,9.0
Byron Scott,2024-01-10,15.0
Byron Scott,2024-01-12,27.0
Byron Scott,2024-01-15,26.0
Byron Scott,2024-01-24,25.0
Byron Scott,2024-01-25,33.0
Byron Scott,2024-01-27,46.0
Byron Scott,2024-01-30,37.0
Byron Scott,2024-02-02,20.0
Byron Scott,2024-02-03,60.0
Byron Scott,2024-02-05,29.0
Byron Scott,2024-02-07,9.0
Byron Scott,2024-02-08,42.0
Byron Scott,2024-02-10,30.0
Byron Scott,2024-02-12,25.0
Byron Scott,2024-02-14,41.0
Byron Scott,2024-02-15,16.0
Byron Scott,2024-02-22,32.0
Byron Scott,2024-02-23,15.0
Byron Scott,2024-02-25,20.0
Byron Scott,2024-02-27,18.0
Byron Scott,2024-02-29,31.0
Byron Scott,2024-03-01,25.0
Byron Scott,2024-03-03,4.0
Byron Scott,2024-03-06,29.0
Byron Scott,2024-03-07,15.0
Byron Scott,2024-03-16,31.0
Byron Scott,2024-03-18,27.0
Byron Scott,2024-03-20,14.0
Byron Scott,2024-03-22,25.0
Byron Scott,2024-03-24,31.0
Byron Scott,2024-03-26,17.0
Byron Scott,2024-03-27,17.0
Byron Scott,2024-03-29,23.0
Byron Scott,2024-03-31,33.0
Byron Scott,2024-04-02,13.0
Byron Scott,2024-04-04,29.0
Byron Scott,2024-04-05,28.0
Byron Scott,2024-04-09,23.0
Byron Scott,2024-04-11,22.0
Byron Scott,2024-04-12,33.0
Byron Scott,2024-10-23,17.0
Byron Scott,2024-10-25,20.0
Byron Scott,2024-10-27,18.0
Byron Scott,2024-11-04,24.0
Byron Scott,2024-11-06,27.0
Byron Scott,2024-11-08,12.0
Byron Scott,2024-11-10,36.0
Byron Scott,2024-11-12,37.0
Byron Scott,2024-11-15,13.0
Byron Scott,2024-11-18,26.0
Chris King,2024-02-23,0.0
Chris King,2024-04-10,3.0
Chris King,2024-10-24,0.0
Chris King,2024-10-26,3.0
Chris King,2024-10-27,3.0
Chris King,2024-10-30,0.0
Chris King,2024-11-13,3.0
Chris King,2024-11-15,0.0
Chris King,2024-11-19,3.0
Chris King,2024-11-20,0.0
Chris King,2024-11-25,0.0
Chris King,2024-12-03,3.0
Chris King,2024-12-05,0.0
Chris King,2025-01-16,0.0
Chris King,2025-01-17,0.0
Chris King,2025-01-19,0.0
Chris King,2025-01-22,0.0
Chris King,2025-02-01,0.0
Chris King,2025-02-03,2.0
Chris King,2025-02-05,7.0
Chris King,2025-02-07,0.0
Chris King,2025-02-08,0.0
Chris King,2025-02-10,5.0
Chris King,2025-02-13,2.0
Chris King,2025-02-28,3.0
Chris King,2025-03-05,0.0
Chris King,2025-03-07,0.0
Clifford Rozier,2023-10-25,2.0
Clifford Rozier,2023-10-29,0.0
Clifford Rozier,2023-10-31,0.0
Clifford Rozier,2023-11-06,0.0
Clifford Rozier,2023-11-10,6.0
Clifford Rozier,2023-11-20,0.0
Clifford Rozier,2023-11-22,4.0
Clifford Rozier,2023-11-25,0.0
Clifford Rozier,2023-11-29,0.0
Clifford Rozier,2023-11-30,0.0
Clifford Rozier,2023-12-12,2.0
Clifford Rozier,2023-12-14,18.0
Clifford Rozier,2023-12-16,3.0
Clifford Rozier,2023-12-18,0.0
Clifford Rozier,2023-12-20,12.0
Clifford Rozier,2023-12-21,9.0
Clifford Rozier,2023-12-23,2.0
Clifford Rozier,2023-12-26,4.0
Clifford Rozier,2023-12-29,13.0
Clifford Rozier,2024-01-01,5.0
Clifford Rozier,2024-01-03,3.0
Clifford Rozier,2024-01-05,4.0
Clifford Rozier,2024-01-07,0.0
Clifford Rozier,2024-01-08,9.0
Clifford Rozier,2024-01-10,6.0
Clifford Rozier,2024-01-12,13.0
Clifford Rozier,2024-01-14,0.0
Clifford Rozier,2024-01-16,9.0
Clifford Rozier,2024-01-21,5.0
Clifford Rozier,2024-01-23,9.0
Clifford Rozier,2024-01-26,5.0
Clifford Rozier,2024-01-27,10.0
Clifford Rozier,2024-01-29,13.0
Clifford Rozier,2024-01-31,17.0
Clifford Rozier,2024-02-02,14.0
Clifford Rozier,2024-02-04,5.0
Clifford Rozier,2024-02-05,13.0
Clifford Rozier,2024-02-07,8.0
Clifford Rozier,2024-02-10,12.0
Clifford Rozier,2024-02-12,10.0
Clifford Rozier,2024-02-14,14.0
Clifford Rozier,2024-02-22,8.0
Clifford Rozier,2024-02-23,2.0
Clifford Rozier,2024-02-25,0.0
Clifford Rozier,2024-02-28,8.0
Clifford Rozier,2024-03-01,10.0
Clifford Rozier,2024-03-03,2.0
Clifford Rozier,2024-03-04,4.0
Clifford Rozier,2024-03-06,2.0
Clifford Rozier,2024-03-09,0.0
Clifford Rozier,2024-03-10,16.0
Clifford Rozier,2024-03-12,8.0
Clifford Rozier,2024-03-14,9.0
Clifford Rozier,2024-03-15,8.0
Clifford Rozier,2024-03-17,2.0
Clifford Rozier,2024-03-20,11.0
Clifford Rozier,2024-03-22,8.0
Clifford Rozier,2024-03-24,2.0
Clifford Rozier,2024-03-25,2.0
Clifford Rozier,2024-03-27,10.0
Clifford Rozier,2024-03-29,6.0
Clifford Rozier,2024-03-31,2.0
Clifford Rozier,2024-04-02,3.0
Clifford Rozier,2024-04-04,9.0
Clifford Rozier,2024-04-05,11.0
Clifford Rozier,2024-04-07,3.0
Clifford Rozier,2024-04-09,13.0
Clifford Rozier,2024-04-10,11.0
Clifford Rozier,2024-04-12,16.0
Clifford Rozier,2024-04-14,18.0
Clifford Rozier,2024-10-23,11.0
Clifford Rozier,2024-10-26,0.0
Clifford Rozier,2024-10-27,8.0
Clifford Rozier,2024-10-30,9.0
Clifford Rozier,2024-10-31,7.0
Clifford Rozier,2024-11-02,4.0
Clifford Rozier,2024-11-04,21.0
Clifford Rozier,2024-11-06,11.0
Clifford Rozier,2024-11-08,14.0
Clifford Rozier,2024-11-09,6.0
Clifford Rozier,2024-11-11,13.0
Clifford Rozier,2024-11-13,7.0
Clifford Rozier,2024-11-15,10.0
Clifford Rozier,2024-11-17,7.0
Clifford Rozier,2024-11-18,15.0
Clifford Rozier,2024-11-20,18.0
Clifford Rozier,2024-11-22,11.0
Clifford Rozier,2024-11-24,7.0
Clifford Rozier,2024-11-25,4.0
Clifford Rozier,2024-11-27,6.0
Clifford Rozier,2024-11-29,12.0
Clifford Rozier,2024-12-01,13.0
Clifford Rozier,2024-12-03,19.0
Clifford Rozier,2024-12-04,12.0
Clifford Rozier,2024-12-13,8.0
Clifford Rozier,2024-12-16,16.0
Clifford Rozier,2024-12-19,16.0
Clifford Rozier,2024-12-21,0.0
Clifford Rozier,2024-12-23,5.0
Clyde Drexler,2023-10-25,7.0
Clyde Drexler,2023-10-27,24.0
Clyde Drexler,2023-10-28,18.0
Clyde Drexler,2023-10-30,11.0
Clyde Drexler,2023-11-12,16.0
Clyde Drexler,2023-11-14,16.0
Clyde Drexler,2023-11-17,10.0
Clyde Drexler,2023-11-19,14.0
Clyde Drexler,2023-11-20,3.0
Clyde Drexler,2023-11-24,6.0
Clyde Drexler,2023-11-27,8.0
Clyde Drexler,2023-11-29,6.0
Clyde Drexler,2023-11-30,1.0
Clyde Drexler,2023-12-06,3.0
Clyde Drexler,2023-12-08,14.0
Clyde Drexler,2023-12-11,14.0
Clyde Drexler,2023-12-13,3.0
Clyde Drexler,2023-12-15,4.0
Clyde Drexler,2023-12-16,1.0
Clyde Drexler,2023-12-18,6.0
Clyde Drexler,2023-12-21,5.0
Clyde Drexler,2023-12-23,5.0
Clyde Drexler,2023-12-26,15.0
Clyde Drexler,2023-12-28,12.0
Clyde Drexler,2023-12-30,16.0
Clyde Drexler,2024-01-01,21.0
Clyde Drexler,2024-01-03,27.0
Clyde Drexler,2024-01-05,13.0
Clyde Drexler,2024-01-07,18.0
Clyde Drexler,2024-01-09,16.0
Clyde Drexler,2024-01-10,15.0
Clyde Drexler,2024-01-12,19.0
Clyde Drexler,2024-01-15,34.0
Clyde Drexler,2024-01-17,12.0
Clyde Drexler,2024-01-20,33.0
Clyde Drexler,2024-01-22,9.0
Clyde Drexler,2024-01-24,15.0
Clyde Drexler,2024-01-27,8.0
Clyde Drexler,2024-01-28,10.0
Clyde Drexler,2024-01-31,11.0
Clyde Drexler,2024-02-02,6.0
Clyde Drexler,2024-02-04,10.0
Clyde Drexler,2024-02-07,25.0
Clyde Drexler,2024-02-10,22.0
Clyde Drexler,2024-02-12,5.0
Clyde Drexler,2024-02-14,13.0
Clyde Drexler,2024-02-22,7.0
Clyde Drexler,2024-02-24,7.0
Clyde Drexler,2024-02-26,7.0
Clyde Drexler,2024-02-27,2.0
Clyde Drexler,2024-02-29,5.0
Clyde Drexler,2024-03-03,8.0
Clyde Drexler,2024-03-05,11.0
Clyde Drexler,2024-03-08,0.0
Clyde Drexler,2024-03-10,5.0
Clyde Drexler,2024-03-12,2.0
Clyde Drexler,2024-03-14,5.0
Clyde Drexler,2024-03-16,12.0
Clyde Drexler,2024-03-18,5.0
Clyde Drexler,2024-03-21,18.0
Clyde Drexler,2024-03-23,5.0
Clyde Drexler,2024-03-31,5.0
Clyde Drexler,2024-04-02,0.0
Clyde Drexler,2024-04-04,0.0
Clyde Drexler,2024-04-05,0.0
Clyde Drexler,2024-04-12,5.0
Clyde Drexler,2024-10-26,9.0
Clyde Drexler,2024-10-28,0.0
Clyde Drexler,2024-11-02,15.0
Clyde Drexler,2024-11-04,2.0
Clyde Drexler,2024-11-06,5.0
Clyde Drexler,2024-11-18,7.0
Clyde Drexler,2024-11-24,15.0
Clyde Drexler,2024-11-26,2.0
Clyde Drexler,2024-11-27,2.0
Clyde Drexler,2024-11-29,2.0
Clyde Drexler,2024-12-01,4.0
Clyde Drexler,2024-12-02,0.0
Clyde Drexler,2024-12-23,12.0
Clyde Drexler,2024-12-26,17.0
Dan Schayes,2023-10-25,0.0
Dan Schayes,2023-11-01,6.0
Dan Schayes,2023-11-04,0.0
Dan Schayes,2023-11-06,13.0
Dan Schayes,2023-11-08,7.0
Dan Schayes,2023-11-10,5.0
Dan Schayes,2023-11-12,5.0
Dan Schayes,2023-11-17,5.0
Dan Schayes,2023-11-19,0.0
Dan Schayes,2023-11-20,13.0
Dan Schayes,2023-11-22,7.0
Dan Schayes,2023-11-24,7.0
Dan Schayes,2023-11-28,8.0
Dan Schayes,2023-11-29,9.0
Dan Schayes,2023-12-02,11.0
Dan Schayes,2023-12-06,22.0
Dan Schayes,2023-12-08,8.0
Dan Schayes,2023-12-11,7.0
Dan Schayes,2023-12-13,6.0
Dan Schayes,2023-12-15,4.0
Dan Schayes,2023-12-17,0.0
Dan Schayes,2023-12-18,14.0
Dan Schayes,2023-12-20,8.0
Dan Schayes,2023-12-22,3.0
Dan Schayes,2023-12-23,5.0
Dan Schayes,2023-12-26,15.0
Dan Schayes,2023-12-27,13.0
Dan Schayes,2023-12-29,4.0
Dan Schayes,2024-01-01,0.0
Dan Schayes,2024-01-03,3.0
Dan Schayes,2024-01-05,5.0
Dan Schayes,2024-01-06,11.0
Dan Schayes,2024-01-08,8.0
Dan Schayes,2024-01-10,4.0
Dan Schayes,2024-01-12,0.0
Dan Schayes,2024-01-13,5.0
Dan Schayes,2024-01-15,0.0
Dan Schayes,2024-01-17,0.0
Dan Schayes,2024-01-20,6.0
Dan Schayes,2024-01-21,12.0
Dan Schayes,2024-01-24,12.0
Dan Schayes,2024-01-26,10.0
Dan Schayes,2024-01-27,6.0
Dan Schayes,2024-01-31,0.0
Dan Schayes,2024-02-02,3.0
Dan Schayes,2024-02-04,5.0
Dan Schayes,2024-02-06,8.0
Dan Schayes,2024-02-09,12.0
Dan Schayes,2024-02-10,18.0
Dan Schayes,2024-02-12,18.0
Dan Schayes,2024-02-14,19.0
Dan Schayes,2024-02-22,0.0
Dan Schayes,2024-02-23,3.0
Dan Schayes,2024-02-25,7.0
Dan Schayes,2024-02-27,10.0
Dan Schayes,2024-02-29,0.0
Dan Schayes,2024-03-02,0.0
Dan Schayes,2024-03-05,0.0
Dan Schayes,2024-03-06,6.0
Dan Schayes,2024-03-08,6.0
Dan Schayes,2024-03-10,0.0
Dan Schayes,2024-03-12,8.0
Dan Schayes,2024-03-14,0.0
Dan Schayes,2024-03-16,2.0
Dan Schayes,2024-03-19,7.0
Dan Schayes,2024-03-21,15.0
Dan Schayes,2024-03-23,7.0
Dan Schayes,2024-03-25,11.0
Dan Schayes,2024-03-27,4.0
Dan Schayes,2024-03-29,0.0
Dan Schayes,2024-03-31,16.0
Dan Schayes,2024-04-02,0.0
Dan Schayes,2024-04-04,6.0
Dan Schayes,2024-04-05,0.0
Dan Schayes,2024-04-07,3.0
Dan Schayes,2024-04-11,6.0
Dan Schayes,2024-04-12,18.0
Dan Schayes,2024-04-14,9.0
Dan Schayes,2024-10-25,0.0
Dan Schayes,2024-11-02,6.0
Dan Schayes,2024-11-06,0.0
Dan Schayes,2024-11-08,3.0
Dan Schayes,2024-11-11,11.0
Dan Schayes,2024-11-15,6.0
Dan Schayes,2024-11-17,3.0
Dan Schayes,2024-11-18,5.0
Dan Schayes,2024-11-20,2.0
Dan Schayes,2024-11-22,3.0
Dan Schayes,2024-11-27,3.0
Dan Schayes,2024-12-03,6.0
Dan Schayes,2024-12-05,3.0
Dan Schayes,2024-12-08,11.0
Dan Schayes,2024-12-11,2.0
Dan Schayes,2024-12-14,0.0
Dan Schayes,2024-12-19,10.0
Dan Schayes,2024-12-23,4.0
Dan Schayes,2024-12-26,2.0
Dan Schayes,2024-12-27,0.0
Dennis Rodman,2024-10-24,2.0
Dennis Rodman,2024-10-26,12.0
Dennis Rodman,2024-10-28,7.0
Dennis Rodman,2024-10-30,11.0
Dennis Rodman,2024-11-02,17.0
Dennis Rodman,2024-11-04,10.0
Dennis Rodman,2024-11-08,8.0
Dennis Rodman,2024-11-10,11.0
Dennis Rodman,2024-11-11,5.0
Dennis Rodman,2024-11-13,12.0
Dennis Rodman,2024-11-15,20.0
Dennis Rodman,2024-11-17,4.0
Dennis Rodman,2024-11-18,8.0
Dennis Rodman,2024-11-22,6.0
Dennis Rodman,2024-11-24,17.0
Dennis Rodman,2024-11-26,20.0
Dennis Rodman,2024-11-27,13.0
Dennis Rodman,2024-11-30,7.0
Dennis Rodman,2024-12-03,10.0
Dennis Rodman,2024-12-05,11.0
Dennis Rodman,2024-12-13,14.0
Dennis Rodman,2024-12-15,14.0
Dennis Rodman,2024-12-19,19.0
Dennis Rodman,2024-12-21,11.0
Dennis Rodman,2024-12-26,15.0
Dennis Rodman,2024-12-28,12.0
Dennis Rodman,2024-12-30,18.0
Dennis Rodman,2025-01-01,11.0
Dennis Rodman,2025-01-03,19.0
Dennis Rodman,2025-01-05,18.0
Dennis Rodman,2025-01-07,2.0
Dennis Rodman,2025-01-10,11.0
Dennis Rodman,2025-01-12,10.0
Dennis Rodman,2025-01-13,13.0
Dennis Rodman,2025-01-16,16.0
Dennis Rodman,2025-01-18,11.0
Dennis Rodman,2025-01-19,6.0
Dennis Rodman,2025-01-21,10.0
Dennis Rodman,2025-01-23,14.0
Dennis Rodman,2025-01-25,11.0
Dennis Rodman,2025-01-27,4.0
Dennis Rodman,2025-02-12,9.0
Dennis Rodman,2025-02-21,22.0
Dennis Rodman,2025-03-01,10.0
Dennis Rodman,2025-03-03,9.0
Dennis Rodman,2025-03-05,21.0
Dennis Rodman,2025-03-08,10.0
Dickey Simpkins,2024-10-24,8.0
Dickey Simpkins,2024-10-26,23.0
Dickey Simpkins,2024-10-28,17.0
Dickey Simpkins,2024-10-30,27.0
Dickey Simpkins,2024-11-02,22.0
Dickey Simpkins,2024-11-04,9.0
Dickey Simpkins,2024-11-08,10.0
Dickey Simpkins,2024-11-10,20.0
Dickey Simpkins,2024-11-11,11.0
Dickey Simpkins,2024-11-13,6.0
Dickey Simpkins,2024-11-15,9.0
Dickey Simpkins,2024-11-17,15.0
Dickey Simpkins,2024-11-22,6.0
Dickey Simpkins,2024-11-24,17.0
Dickey Simpkins,2024-11-26,8.0
Dickey Simpkins,2024-11-27,3.0
Dickey Simpkins,2024-11-30,4.0
Dickey Simpkins,2024-12-03,6.0
Dickey Simpkins,2024-12-05,4.0
Dickey Simpkins,2024-12-07,6.0
Dickey Simpkins,2024-12-08,17.0
Dickey Simpkins,2024-12-13,27.0
Dickey Simpkins,2024-12-15,19.0
Dickey Simpkins,2024-12-19,14.0
Dickey Simpkins,2024-12-21,20.0
Dickey Simpkins,2024-12-26,20.0
Dickey Simpkins,2024-12-28,18.0
Dickey Simpkins,2024-12-30,6.0
Dickey Simpkins,2025-01-01,0.0
Dickey Simpkins,2025-01-07,12.0
Dickey Simpkins,2025-01-08,5.0
Dickey Simpkins,2025-01-10,7.0
Dickey Simpkins,2025-01-12,10.0
Dickey Simpkins,2025-01-13,15.0
Dickey Simpkins,2025-01-16,13.0
Dickey Simpkins,2025-01-18,4.0
Dickey Simpkins,2025-01-19,11.0
Dickey Simpkins,2025-01-21,17.0
Dickey Simpkins,2025-01-23,15.0
Dickey Simpkins,2025-01-25,12.0
Dickey Simpkins,2025-01-27,16.0
Doug West,2023-10-25,5.0
Doug West,2023-10-31,0.0
Doug West,2023-11-02,9.0
Doug West,2023-11-04,11.0
Doug West,2023-11-06,8.0
Doug West,2023-11-09,9.0
Doug West,2023-11-11,2.0
Doug West,2023-11-14,2.0
Doug West,2023-11-15,7.0
Doug West,2023-11-17,2.0
Doug West,2023-11-19,7.0
Doug West,2023-11-21,5.0
Doug West,2023-11-22,0.0
Doug West,2023-11-24,0.0
Doug West,2023-11-26,2.0
Doug West,2023-11-29,7.0
Doug West,2023-12-01,6.0
Doug West,2023-12-02,2.0
Doug West,2023-12-06,11.0
Doug West,2023-12-08,6.0
Doug West,2023-12-11,0.0
Doug West,2023-12-15,13.0
Doug West,2023-12-17,5.0
Doug West,2023-12-20,4.0
Doug West,2023-12-21,1.0
Doug West,2023-12-23,8.0
Doug West,2023-12-26,23.0
Doug West,2023-12-27,3.0
Doug West,2023-12-29,4.0
Doug West,2023-12-31,2.0
Doug West,2024-01-02,0.0
Doug West,2024-01-03,9.0
Doug West,2024-01-05,0.0
Doug West,2024-01-07,0.0
Doug West,2024-01-09,3.0
Doug West,2024-01-12,1.0
Doug West,2024-01-13,13.0
Doug West,2024-01-17,0.0
Doug West,2024-01-19,7.0
Doug West,2024-01-21,6.0
Doug West,2024-01-22,7.0
Doug West,2024-01-26,2.0
Doug West,2024-01-28,4.0
Doug West,2024-01-29,20.0
Doug West,2024-01-31,2.0
Doug West,2024-02-04,0.0
Doug West,2024-02-06,0.0
Doug West,2024-02-08,0.0
Doug West,2024-02-13,1.0
Doug West,2024-02-14,4.0
Doug West,2024-02-22,9.0
Doug West,2024-02-24,5.0
Doug West,2024-02-25,4.0
Doug West,2024-02-27,8.0
Doug West,2024-03-03,3.0
Doug West,2024-03-05,10.0
Doug West,2024-03-06,8.0
Doug West,2024-03-08,0.0
Doug West,2024-03-10,2.0
Doug West,2024-03-13,0.0
Doug West,2024-03-17,2.0
Doug West,2024-03-19,2.0
Doug West,2024-03-21,2.0
Doug West,2024-03-27,6.0
Doug West,2024-03-30,2.0
Doug West,2024-04-07,0.0
Doug West,2024-04-09,0.0
Doug West,2024-04-10,5.0
Doug West,2024-04-14,5.0
Doug West,2024-10-23,10.0
Doug West,2024-10-25,10.0
Doug West,2024-10-26,10.0
Doug West,2024-10-28,8.0
Doug West,2024-10-30,4.0
Doug West,2024-11-01,7.0
Doug West,2024-11-03,2.0
Doug West,2024-11-04,3.0
Doug West,2024-11-06,12.0
Doug West,2024-11-08,11.0
Doug West,2024-11-10,12.0
Doug West,2024-11-12,8.0
Doug West,2024-11-13,6.0
Doug West,2024-11-15,4.0
Doug West,2024-11-18,20.0
Doug West,2024-11-20,17.0
Doug West,2024-11-21,4.0
Doug West,2024-11-23,11.0
Doug West,2024-11-25,10.0
Doug West,2024-11-27,4.0
Doug West,2024-11-29,5.0
Doug West,2024-12-01,5.0
Doug West,2024-12-03,6.0
Doug West,2024-12-04,10.0
Doug West,2024-12-06,0.0
Doug West,2024-12-08,8.0
Doug West,2024-12-10,17.0
Doug West,2024-12-15,4.0
Doug West,2024-12-19,23.0
Doug West,2024-12-21,10.0
Doug West,2024-12-23,9.0
Doug West,2024-12-26,2.0
Doug West,2024-12-27,9.0
Doug West,2025-01-06,9.0
Eric Piatkowski,2024-10-23,2.0
Eric Piatkowski,2024-10-25,0.0
Eric Piatkowski,2024-10-30,0.0
Eric Piatkowski,2024-11-02,2.0
Eric Piatkowski,2024-11-06,0.0
Eric Piatkowski,2024-11-08,3.0
Eric Piatkowski,2024-11-12,0.0
Eric Piatkowski,2024-11-13,4.0
Eric Piatkowski,2024-11-15,0.0
Eric Piatkowski,2024-11-18,0.0
Eric Piatkowski,2024-11-24,0.0
Eric Piatkowski,2024-11-30,4.0
Eric Piatkowski,2024-12-03,6.0
Eric Piatkowski,2024-12-04,0.0
Eric Piatkowski,2024-12-21,3.0
Eric Piatkowski,2024-12-30,2.0
Eric Piatkowski,2025-01-02,0.0
Eric Piatkowski,2025-01-04,6.0
Eric Piatkowski,2025-01-06,4.0
Eric Piatkowski,2025-01-08,2.0
Eric Piatkowski,2025-01-10,0.0
Eric Piatkowski,2025-01-12,0.0
Eric Piatkowski,2025-01-14,7.0
Eric Piatkowski,2025-01-15,2.0
Eric Piatkowski,2025-01-18,12.0
Eric Piatkowski,2025-01-19,10.0
Eric Piatkowski,2025-01-21,3.0
Eric Piatkowski,2025-01-24,4.0
Eric Piatkowski,2025-01-25,4.0
Eric Piatkowski,2025-01-28,4.0
Eric Piatkowski,2025-01-29,5.0
Eric Piatkowski,2025-01-31,2.0
Eric Piatkowski,2025-02-02,2.0
Eric Piatkowski,2025-02-04,2.0
Eric Piatkowski,2025-02-05,11.0
Eric Piatkowski,2025-02-07,2.0
Eric Piatkowski,2025-02-12,2.0
Eric Piatkowski,2025-02-20,0.0
Eric Piatkowski,2025-02-24,4.0
Eric Piatkowski,2025-02-26,5.0
Eric Piatkowski,2025-03-03,6.0
Eric Riley,2023-10-25,14.0
Eric Riley,2023-10-27,25.0
Eric Riley,2023-10-29,19.0
Eric Riley,2023-11-01,19.0
Eric Riley,2023-11-04,15.0
Eric Riley,2023-11-06,17.0
Eric Riley,2023-11-08,19.0
Eric Riley,2023-11-10,24.0
Eric Riley,2023-11-12,23.0
Eric Riley,2023-11-17,23.0
Eric Riley,2023-11-19,23.0
Eric Riley,2023-11-20,30.0
Eric Riley,2023-11-22,11.0
Eric Riley,2023-11-24,21.0
Eric Riley,2023-11-28,31.0
Eric Riley,2023-11-29,22.0
Eric Riley,2023-12-02,21.0
Eric Riley,2023-12-06,21.0
Eric Riley,2023-12-08,17.0
Eric Riley,2023-12-11,15.0
Eric Riley,2023-12-13,9.0
Eric Riley,2023-12-15,15.0
Eric Riley,2023-12-17,20.0
Eric Riley,2023-12-18,24.0
Eric Riley,2023-12-20,14.0
Eric Riley,2023-12-22,22.0
Eric Riley,2023-12-23,37.0
Eric Riley,2023-12-26,30.0
Eric Riley,2023-12-27,24.0
Eric Riley,2023-12-29,28.0
Eric Riley,2024-01-01,26.0
Eric Riley,2024-01-03,30.0
Eric Riley,2024-01-05,19.0
Eric Riley,2024-01-06,21.0
Eric Riley,2024-01-08,22.0
Eric Riley,2024-01-10,25.0
Eric Riley,2024-01-12,29.0
Eric Riley,2024-01-13,19.0
Eric Riley,2024-01-15,19.0
Eric Riley,2024-01-17,18.0
Eric Riley,2024-01-20,37.0
Eric Riley,2024-01-21,24.0
Eric Riley,2024-01-24,30.0
Eric Riley,2024-01-26,11.0
Eric Riley,2024-01-27,15.0
Eric Riley,2024-01-29,31.0
Eric Riley,2024-01-31,10.0
Eric Riley,2024-02-02,24.0
Eric Riley,2024-02-04,15.0
Eric Riley,2024-02-06,20.0
Eric Riley,2024-02-09,7.0
Eric Riley,2024-02-12,18.0
Eric Riley,2024-02-14,19.0
Eric Riley,2024-02-22,20.0
Eric Riley,2024-02-23,17.0
Eric Riley,2024-02-25,19.0
Eric Riley,2024-02-27,23.0
Eric Riley,2024-02-29,8.0
Eric Riley,2024-03-02,21.0
Eric Riley,2024-03-05,45.0
Eric Riley,2024-03-06,23.0
Eric Riley,2024-03-08,19.0
Eric Riley,2024-03-10,14.0
Eric Riley,2024-10-23,25.0
Eric Riley,2024-10-25,16.0
Eric Riley,2024-10-26,6.0
Eric Riley,2024-10-28,12.0
Eric Riley,2024-10-31,17.0
Eric Riley,2024-11-02,14.0
Eric Riley,2024-11-04,25.0
Eric Riley,2024-11-06,16.0
Eric Riley,2024-11-08,11.0
Eric Riley,2024-11-10,27.0
Eric Riley,2024-11-11,27.0
Eric Riley,2024-11-13,13.0
Eric Riley,2024-11-15,16.0
Eric Riley,2024-11-17,20.0
Eric Riley,2024-11-18,18.0
Eric Riley,2024-11-20,31.0
Eric Riley,2024-11-22,14.0
Eric Riley,2024-11-23,22.0
Eric Riley,2024-11-26,22.0
Eric Riley,2024-11-27,22.0
Eric Riley,2024-12-01,20.0
Eric Riley,2024-12-03,24.0
Eric Riley,2024-12-05,16.0
Eric Riley,2024-12-08,11.0
Eric Riley,2024-12-11,26.0
Eric Riley,2024-12-14,13.0
Eric Riley,2024-12-19,23.0
Eric Riley,2024-12-22,17.0
Eric Riley,2024-12-23,16.0
Eric Riley,2024-12-26,10.0
Eric Riley,2024-12-27,38.0
Eric Riley,2024-12-29,18.0
Eric Riley,2025-01-01,23.0
Eric Riley,2025-01-03,14.0
Gary Payton,2024-10-24,6.0
Gary Payton,2024-10-26,2.0
Gary Payton,2024-10-28,6.0
Gary Payton,2024-10-30,5.0
Gary Payton,2024-10-31,0.0
Gary Payton,2024-11-02,0.0
Gary Payton,2024-11-06,5.0
Gary Payton,2024-11-07,10.0
Gary Payton,2024-11-09,5.0
Gary Payton,2024-11-11,0.0
Gary Payton,2024-11-13,10.0
Gary Payton,2024-11-15,0.0
Gary Payton,2024-11-16,6.0
Gary Payton,2024-11-21,1.0
Gary Payton,2024-11-23,7.0
Gary Payton,2024-11-26,11.0
Gary Payton,2024-11-27,0.0
Gary Payton,2024-12-05,1.0
Gary Payton,2024-12-06,0.0
Gary Payton,2024-12-13,8.0
Gary Payton,2024-12-15,4.0
Gary Payton,2024-12-21,0.0
Gary Payton,2024-12-31,2.0
Gary Payton,2025-01-08,0.0
Gary Payton,2025-01-13,0.0
Gary Payton,2025-01-17,0.0
Gary Payton,2025-01-19,2.0
Gary Payton,2025-01-23,0.0
Gary Payton,2025-01-25,0.0
Gary Payton,2025-01-31,2.0
Gary Payton,2025-02-03,4.0
Gary Payton,2025-02-12,0.0
Gary Payton,2025-02-21,3.0
Gary Payton,2025-02-23,0.0
Gary Payton,2025-02-26,5.0
Gary Payton,2025-03-02,0.0
Gary Payton,2025-03-04,0.0
Gary Payton,2025-03-07,2.0
Gary Payton,2025-03-09,2.0
Gary Payton,2025-03-10,3.0
Gary Payton,2025-03-14,10.0
Grant Long,2022-10-19,32.0
Grant Long,2022-10-21,27.0
Grant Long,2022-10-24,37.0
Grant Long,2022-10-26,33.0
Grant Long,2022-10-27,37.0
Grant Long,2022-10-29,26.0
Grant Long,2022-10-31,36.0
Grant Long,2022-11-01,32.0
Grant Long,2022-11-04,28.0
Grant Long,2022-11-05,27.0
Grant Long,2022-11-07,26.0
Grant Long,2022-11-09,29.0
Grant Long,2022-11-12,27.0
Grant Long,2022-11-13,31.0
Grant Long,2022-11-15,27.0
Grant Long,2022-11-17,35.0
Grant Long,2022-11-20,26.0
Grant Long,2022-11-22,20.0
Grant Long,2022-11-23,12.0
Grant Long,2022-11-25,36.0
Grant Long,2022-11-27,31.0
Grant Long,2022-11-28,45.0
Grant Long,2022-11-30,39.0
Grant Long,2022-12-02,17.0
Grant Long,2022-12-04,31.0
Grant Long,2022-12-07,29.0
Grant Long,2022-12-09,34.0
Grant Long,2022-12-12,30.0
Grant Long,2022-12-16,28.0
Grant Long,2022-12-18,43.0
Grant Long,2022-12-21,23.0
Grant Long,2022-12-23,24.0
Grant Long,2022-12-26,32.0
Grant Long,2022-12-28,26.0
Grant Long,2022-12-31,23.0
Grant Long,2023-01-02,25.0
Grant Long,2023-01-04,44.0
Grant Long,2023-01-06,33.0
Grant Long,2023-01-08,17.0
Grant Long,2023-03-01,23.0
Grant Long,2023-03-03,20.0
Grant Long,2023-03-05,37.0
Grant Long,2023-03-29,16.0
Grant Long,2023-03-31,30.0
Grant Long,2023-04-02,35.0
Grant Long,2023-04-04,18.0
Grant Long,2023-04-06,29.0
Grant Long,2023-10-24,18.0
Grant Long,2023-10-26,39.0
Grant Long,2023-10-28,26.0
Grant Long,2023-10-31,26.0
Grant Long,2023-11-02,28.0
Grant Long,2023-11-04,31.0
Grant Long,2023-11-05,41.0
Grant Long,2023-11-08,25.0
Grant Long,2023-11-10,38.0
Grant Long,2023-11-12,28.0
Grant Long,2023-11-15,31.0
Grant Long,2023-11-17,38.0
Grant Long,2023-11-19,39.0
Grant Long,2023-11-21,31.0
Grant Long,2023-11-22,32.0
Grant Long,2023-11-29,30.0
Grant Long,2023-12-01,30.0
Grant Long,2023-12-02,27.0
Grant Long,2023-12-05,31.0
Grant Long,2023-12-13,27.0
Grant Long,2023-12-15,29.0
Grant Long,2023-12-17,28.0
Grant Long,2023-12-19,40.0
Grant Long,2023-12-22,28.0
Grant Long,2023-12-25,16.0
Grant Long,2023-12-27,27.0
Grant Long,2023-12-29,21.0
Grant Long,2023-12-31,31.0
Grant Long,2024-01-07,23.0
Grant Long,2024-01-08,30.0
Grant Long,2024-01-11,18.0
Grant Long,2024-01-14,21.0
Grant Long,2024-01-16,27.0
Grant Long,2024-01-19,26.0
Grant Long,2024-01-21,40.0
Grant Long,2024-01-22,43.0
Grant Long,2024-01-24,12.0
Grant Long,2024-01-26,20.0
Grant Long,2024-01-28,15.0
Grant Long,2024-01-29,20.0
Grant Long,2024-01-31,33.0
Grant Long,2024-02-02,35.0
Grant Long,2024-02-04,18.0
Grant Long,2024-02-06,28.0
Grant Long,2024-02-08,31.0
Grant Long,2024-02-10,24.0
Grant Long,2024-02-13,28.0
Grant Long,2024-02-14,25.0
Grant Long,2024-02-22,23.0
Grant Long,2024-02-23,28.0
Grant Long,2024-02-25,22.0
Grant Long,2024-02-29,24.0
Grant Long,2024-03-02,30.0
Grant Long,2024-03-03,20.0
Grant Long,2024-03-05,35.0
Grant Long,2024-03-07,35.0
Grant Long,2024-03-09,45.0
Grant Long,2024-03-11,37.0
Grant Long,2024-03-14,20.0
Grant Long,2024-03-15,13.0
Grant Long,2024-03-17,11.0
Grant Long,2024-03-20,22.0
Grant Long,2024-03-21,19.0
Grant Long,2024-03-23,25.0
Grant Long,2024-03-25,29.0
Grant Long,2024-03-27,30.0
Grant Long,2024-03-29,26.0
Grant Long,2024-04-01,20.0
Grant Long,2024-04-03,32.0
Grant Long,2024-04-05,22.0
Grant Long,2024-04-07,23.0
Grant Long,2024-04-09,21.0
Grant Long,2024-04-10,24.0
Grant Long,2024-04-12,28.0
Grant Long,2024-04-14,15.0
Grant Long,2024-10-23,25.0
Grant Long,2024-10-25,30.0
Grant Long,2024-10-26,31.0
Grant Long,2024-10-28,30.0
Grant Long,2024-10-31,18.0
Grant Long,2024-11-02,21.0
Grant Long,2024-11-04,35.0
Greg Anthony,2024-10-24,0.0
Greg Anthony,2024-10-26,4.0
Greg Anthony,2024-10-27,0.0
Greg Anthony,2024-10-30,12.0
Greg Anthony,2024-11-01,8.0
Greg Anthony,2024-11-02,0.0
Greg Anthony,2024-11-04,4.0
Greg Anthony,2024-11-06,3.0
Greg Anthony,2024-11-08,12.0
Greg Anthony,2024-11-10,12.0
Greg Anthony,2024-11-11,2.0
Greg Anthony,2024-11-13,6.0
Greg Anthony,2024-11-15,7.0
Greg Anthony,2024-11-17,3.0
Greg Anthony,2024-11-19,3.0
Greg Anthony,2024-11-20,10.0
Greg Anthony,2024-11-25,13.0
Greg Anthony,2024-11-27,2.0
Greg Anthony,2024-11-29,4.0
Greg Anthony,2024-12-01,0.0
Greg Anthony,2024-12-03,5.0
Greg Anthony,2024-12-05,13.0
Greg Anthony,2024-12-07,10.0
Greg Anthony,2024-12-10,2.0
Greg Anthony,2024-12-14,2.0
Jim McIlvaine,2023-10-25,26.0
Jim McIlvaine,2023-10-28,19.0
Jim McIlvaine,2023-10-30,31.0
Jim McIlvaine,2023-11-01,24.0
Jim McIlvaine,2023-11-04,31.0
Jim McIlvaine,2023-11-06,38.0
Jim McIlvaine,2023-11-08,26.0
Jim McIlvaine,2023-11-10,28.0
Jim McIlvaine,2023-11-12,33.0
Jim McIlvaine,2023-11-14,20.0
Jim McIlvaine,2023-11-15,13.0
Jim McIlvaine,2023-11-18,23.0
Jim McIlvaine,2023-11-20,23.0
Jim McIlvaine,2023-11-22,31.0
Jim McIlvaine,2023-11-24,35.0
Jim McIlvaine,2023-11-26,24.0
Jim McIlvaine,2023-11-28,21.0
Jim McIlvaine,2023-12-06,17.0
Jim McIlvaine,2023-12-08,0.0
Jim McIlvaine,2023-12-14,9.0
Jim McIlvaine,2023-12-16,37.0
Jim McIlvaine,2023-12-18,32.0
Jim McIlvaine,2023-12-20,27.0
Jim McIlvaine,2023-12-21,27.0
Jim McIlvaine,2023-12-23,34.0
Jim McIlvaine,2023-12-26,25.0
Jim McIlvaine,2023-12-28,44.0
Jim McIlvaine,2023-12-30,31.0
Jim McIlvaine,2024-01-01,35.0
Jim McIlvaine,2024-01-03,35.0
Jim McIlvaine,2024-01-05,24.0
Jim McIlvaine,2024-01-07,36.0
Jim McIlvaine,2024-01-09,6.0
Jim McIlvaine,2024-01-10,29.0
Jim McIlvaine,2024-01-12,9.0
Jim McIlvaine,2024-01-14,33.0
Jim McIlvaine,2024-01-17,27.0
Jim McIlvaine,2024-01-18,28.0
Jim McIlvaine,2024-01-20,19.0
Jim McIlvaine,2024-01-22,9.0
Jim McIlvaine,2024-01-24,38.0
Jim McIlvaine,2024-01-25,24.0
Jim McIlvaine,2024-01-27,32.0
Jim McIlvaine,2024-01-29,27.0
Jim McIlvaine,2024-01-31,9.0
Jim McIlvaine,2024-02-02,22.0
Jim McIlvaine,2024-02-04,32.0
Jim McIlvaine,2024-02-06,38.0
Jim McIlvaine,2024-02-08,26.0
Jim McIlvaine,2024-02-12,23.0
Jim McIlvaine,2024-02-13,41.0
Jim McIlvaine,2024-02-15,34.0
Jim McIlvaine,2024-02-23,28.0
Jim McIlvaine,2024-02-24,29.0
Jim McIlvaine,2024-02-27,34.0
Jim McIlvaine,2024-02-28,34.0
Jim McIlvaine,2024-03-01,11.0
Jim McIlvaine,2024-03-03,27.0
Jim McIlvaine,2024-03-04,13.0
Jim McIlvaine,2024-03-07,44.0
Jim McIlvaine,2024-03-08,19.0
Jim McIlvaine,2024-03-10,25.0
Jim McIlvaine,2024-03-12,37.0
Jim McIlvaine,2024-03-16,31.0
Jim McIlvaine,2024-03-18,32.0
Jim McIlvaine,2024-03-19,30.0
Jim McIlvaine,2024-03-22,16.0
Jim McIlvaine,2024-03-24,23.0
Jim McIlvaine,2024-03-27,9.0
Jim McIlvaine,2024-03-29,25.0
Jim McIlvaine,2024-03-31,22.0
Jim McIlvaine,2024-04-02,21.0
Jim McIlvaine,2024-04-03,28.0
Jim McIlvaine,2024-04-05,17.0
Jim McIlvaine,2024-04-07,26.0
Jim McIlvaine,2024-04-09,51.0
Jim McIlvaine,2024-04-10,25.0
Jim McIlvaine,2024-04-12,14.0
Jim McIlvaine,2024-04-14,13.0
Jim McIlvaine,2024-10-22,27.0
Jim McIlvaine,2024-10-24,32.0
Jim McIlvaine,2024-10-26,24.0
Jim McIlvaine,2024-10-29,37.0
Jim McIlvaine,2024-11-01,29.0
Jim McIlvaine,2024-11-02,21.0
Jim McIlvaine,2024-11-04,21.0
Jim McIlvaine,2024-11-07,33.0
Jim McIlvaine,2024-11-08,37.0
Jim McIlvaine,2024-11-10,22.0
Jim McIlvaine,2024-11-12,26.0
Jim McIlvaine,2024-11-13,24.0
Jim McIlvaine,2024-11-15,36.0
Jim McIlvaine,2024-11-17,24.0
Jim McIlvaine,2024-11-21,26.0
Jim McIlvaine,2024-11-24,28.0
Jim McIlvaine,2024-11-26,29.0
Jim McIlvaine,2024-11-27,29.0
Jim McIlvaine,2024-11-29,21.0
Jim McIlvaine,2024-12-02,8.0
Jim McIlvaine,2024-12-04,16.0
Jim McIlvaine,2024-12-06,30.0
Jim McIlvaine,2024-12-08,27.0
Jim McIlvaine,2024-12-13,23.0
Jim McIlvaine,2024-12-15,26.0
Jim McIlvaine,2024-12-19,17.0
Jim McIlvaine,2024-12-21,19.0
Jim McIlvaine,2024-12-23,16.0
Jim McIlvaine,2024-12-25,26.0
Jim McIlvaine,2024-12-27,24.0
Jim McIlvaine,2024-12-29,14.0
Jim McIlvaine,2024-12-31,20.0
Keith Jennings,2023-10-25,6.0
Keith Jennings,2023-10-27,8.0
Keith Jennings,2023-10-28,2.0
Keith Jennings,2023-10-30,5.0
Keith Jennings,2023-11-01,8.0
Keith Jennings,2023-11-03,7.0
Keith Jennings,2023-11-04,5.0
Keith Jennings,2023-11-06,12.0
Keith Jennings,2023-11-08,2.0
Keith Jennings,2023-11-12,11.0
Keith Jennings,2023-11-13,4.0
Keith Jennings,2023-11-15,9.0
Keith Jennings,2023-11-17,5.0
Keith Jennings,2023-11-18,6.0
Keith Jennings,2023-11-20,2.0
Keith Jennings,2023-11-22,2.0
Keith Jennings,2023-11-24,2.0
Keith Jennings,2023-11-26,4.0
Keith Jennings,2023-11-28,5.0
Keith Jennings,2023-11-30,10.0
Keith Jennings,2023-12-02,7.0
Keith Jennings,2023-12-06,7.0
Keith Jennings,2023-12-08,7.0
Keith Jennings,2023-12-11,9.0
Keith Jennings,2023-12-12,8.0
Keith Jennings,2023-12-14,7.0
Keith Jennings,2023-12-16,4.0
Keith Jennings,2023-12-18,5.0
Keith Jennings,2023-12-20,11.0
Keith Jennings,2023-12-21,12.0
Keith Jennings,2023-12-23,1.0
Keith Jennings,2023-12-26,24.0
Keith Jennings,2023-12-28,7.0
Keith Jennings,2023-12-30,15.0
Keith Jennings,2024-01-02,11.0
Keith Jennings,2024-01-03,13.0
Keith Jennings,2024-01-05,7.0
Keith Jennings,2024-01-08,21.0
Keith Jennings,2024-01-10,4.0
Keith Jennings,2024-01-12,5.0
Keith Jennings,2024-01-13,7.0
Keith Jennings,2024-01-15,8.0
Keith Jennings,2024-01-18,5.0
Keith Jennings,2024-01-20,15.0
Keith Jennings,2024-01-22,6.0
Keith Jennings,2024-01-25,11.0
Keith Jennings,2024-01-28,15.0
Keith Jennings,2024-01-30,7.0
Keith Jennings,2024-01-31,10.0
Keith Jennings,2024-02-03,2.0
Keith Jennings,2024-02-06,16.0
Keith Jennings,2024-02-08,21.0
Keith Jennings,2024-02-10,4.0
Keith Jennings,2024-02-12,7.0
Keith Jennings,2024-02-14,10.0
Keith Jennings,2024-02-22,11.0
Keith Jennings,2024-02-25,7.0
Keith Jennings,2024-02-27,20.0
Keith Jennings,2024-02-28,17.0
Keith Jennings,2024-03-01,9.0
Keith Jennings,2024-03-04,4.0
Keith Jennings,2024-03-06,10.0
Keith Jennings,2024-03-07,1.0
Keith Jennings,2024-03-09,3.0
Keith Jennings,2024-03-11,4.0
Keith Jennings,2024-03-13,3.0
Keith Jennings,2024-03-14,15.0
Keith Jennings,2024-03-16,13.0
Keith Jennings,2024-03-18,9.0
Keith Jennings,2024-03-21,9.0
Keith Jennings,2024-03-23,7.0
Keith Jennings,2024-03-25,10.0
Keith Jennings,2024-03-27,14.0
Keith Jennings,2024-03-29,6.0
Keith Jennings,2024-03-31,6.0
Keith Jennings,2024-04-01,13.0
Keith Jennings,2024-04-05,10.0
Keith Jennings,2024-04-07,14.0
Keith Jennings,2024-04-09,4.0
Keith Jennings,2024-10-23,10.0
Keith Jennings,2024-10-25,11.0
Keith Jennings,2024-10-27,9.0
Keith Jennings,2024-10-30,9.0
Lorenzo Williams,2023-10-25,8.0
Lorenzo Williams,2023-10-27,4.0
Lorenzo Williams,2023-10-29,9.0
Lorenzo Williams,2023-11-01,4.0
Lorenzo Williams,2023-12-11,2.0
Lorenzo Williams,2023-12-20,2.0
Lorenzo Williams,2023-12-22,9.0
Lorenzo Williams,2023-12-23,2.0
Lorenzo Williams,2023-12-26,7.0
Lorenzo Williams,2023-12-27,2.0
Lorenzo Williams,2023-12-29,1.0
Lorenzo Williams,2024-01-01,12.0
Lorenzo Williams,2024-01-03,10.0
Lorenzo Williams,2024-01-05,6.0
Lorenzo Williams,2024-01-06,4.0
Lorenzo Williams,2024-01-08,5.0
Lorenzo Williams,2024-01-10,6.0
Lorenzo Williams,2024-01-12,2.0
Lorenzo Williams,2024-01-13,10.0
Lorenzo Williams,2024-01-15,14.0
Lorenzo Williams,2024-01-17,4.0
Lorenzo Williams,2024-01-20,6.0
Lorenzo Williams,2024-01-21,15.0
Lorenzo Williams,2024-01-24,6.0
Lorenzo Williams,2024-01-26,13.0
Lorenzo Williams,2024-01-27,5.0
Lorenzo Williams,2024-01-29,0.0
Lorenzo Williams,2024-01-31,10.0
Lorenzo Williams,2024-02-02,19.0
Lorenzo Williams,2024-02-04,8.0
Lorenzo Williams,2024-02-06,13.0
Lorenzo Williams,2024-02-09,8.0
Lorenzo Williams,2024-02-10,12.0
Lorenzo Williams,2024-02-12,8.0
Lorenzo Williams,2024-02-14,19.0
Lorenzo Williams,2024-02-22,22.0
Lorenzo Williams,2024-02-23,15.0
Lorenzo Williams,2024-02-25,6.0
Lorenzo Williams,2024-02-27,2.0
Lorenzo Williams,2024-02-29,0.0
Lorenzo Williams,2024-03-02,9.0
Lorenzo Williams,2024-03-05,2.0
Lorenzo Williams,2024-03-06,6.0
Lorenzo Williams,2024-03-08,16.0
Lorenzo Williams,2024-03-10,13.0
Lorenzo Williams,2024-03-12,6.0
Lorenzo Williams,2024-03-14,20.0
Lorenzo Williams,2024-03-16,18.0
Lorenzo Williams,2024-03-19,25.0
Lorenzo Williams,2024-03-21,15.0
Lorenzo Williams,2024-03-23,4.0
Lorenzo Williams,2024-03-25,12.0
Lorenzo Williams,2024-03-27,25.0
Lorenzo Williams,2024-03-29,18.0
Lorenzo Williams,2024-03-31,8.0
Lorenzo Williams,2024-04-02,9.0
Lorenzo Williams,2024-04-04,8.0
Lorenzo Williams,2024-04-07,5.0
Lorenzo Williams,2024-04-09,13.0
Lorenzo Williams,2024-04-11,15.0
Lorenzo Williams,2024-04-12,17.0
Lorenzo Williams,2024-04-14,18.0
Lorenzo Williams,2024-10-23,13.0
Lorenzo Williams,2024-10-25,9.0
Lorenzo Williams,2024-10-26,1.0
Lorenzo Williams,2024-10-28,7.0
Lorenzo Williams,2024-10-31,10.0
Lorenzo Williams,2024-11-02,18.0
Lorenzo Williams,2024-11-04,12.0
Lorenzo Williams,2024-11-06,8.0
Lorenzo Williams,2024-11-08,14.0
Lorenzo Williams,2024-11-10,8.0
Lorenzo Williams,2024-11-11,13.0
Lorenzo Williams,2024-11-13,18.0
Lorenzo Williams,2024-11-15,12.0
Lorenzo Williams,2024-11-17,16.0
Lorenzo Williams,2024-11-18,10.0
Lorenzo Williams,2024-11-20,6.0
Lorenzo Williams,2024-11-22,10.0
Lorenzo Williams,2024-11-23,19.0
Lorenzo Williams,2024-11-26,15.0
Lorenzo Williams,2024-11-27,19.0
Lorenzo Williams,2024-12-01,9.0
Lorenzo Williams,2024-12-03,3.0
Lorenzo Williams,2024-12-05,14.0
Lorenzo Williams,2024-12-08,22.0
Lorenzo Williams,2024-12-11,10.0
Lorenzo Williams,2024-12-14,19.0
Lorenzo Williams,2024-12-19,4.0
Lorenzo Williams,2024-12-22,10.0
Lorenzo Williams,2024-12-23,19.0
Lorenzo Williams,2024-12-26,9.0
Luc Longley,2023-10-25,12.0
Luc Longley,2023-10-28,4.0
Luc Longley,2023-10-30,6.0
Luc Longley,2023-11-01,14.0
Luc Longley,2023-11-03,6.0
Luc Longley,2023-11-04,7.0
Luc Longley,2023-11-06,9.0
Luc Longley,2023-11-08,9.0
Luc Longley,2023-11-09,10.0
Luc Longley,2023-11-12,4.0
Luc Longley,2023-11-14,2.0
Luc Longley,2023-11-24,13.0
Luc Longley,2023-11-27,8.0
Luc Longley,2023-11-30,2.0
Luc Longley,2023-12-02,4.0
Luc Longley,2023-12-04,1.0
Luc Longley,2023-12-07,8.0
Luc Longley,2023-12-21,6.0
Luc Longley,2023-12-23,17.0
Luc Longley,2023-12-26,11.0
Luc Longley,2023-12-28,8.0
Luc Longley,2023-12-30,14.0
Luc Longley,2024-01-01,2.0
Luc Longley,2024-01-08,9.0
Luc Longley,2024-01-10,2.0
Luc Longley,2024-01-12,10.0
Luc Longley,2024-01-14,12.0
Luc Longley,2024-01-15,14.0
Luc Longley,2024-01-21,9.0
Luc Longley,2024-01-23,15.0
Luc Longley,2024-01-25,19.0
Luc Longley,2024-01-26,22.0
Luc Longley,2024-01-28,16.0
Luc Longley,2024-01-30,15.0
Luc Longley,2024-02-01,10.0
Luc Longley,2024-02-02,0.0
Luc Longley,2024-02-04,0.0
Luc Longley,2024-02-06,9.0
Luc Longley,2024-02-08,10.0
Luc Longley,2024-02-10,7.0
Luc Longley,2024-02-12,10.0
Luc Longley,2024-02-14,14.0
Luc Longley,2024-02-22,8.0
Luc Longley,2024-02-25,15.0
Luc Longley,2024-02-26,11.0
Luc Longley,2024-02-28,8.0
Luc Longley,2024-03-01,10.0
Luc Longley,2024-03-03,7.0
Luc Longley,2024-03-05,10.0
Luc Longley,2024-03-07,7.0
Luc Longley,2024-03-10,0.0
Luc Longley,2024-03-12,14.0
Luc Longley,2024-03-13,8.0
Luc Longley,2024-03-16,7.0
Luc Longley,2024-03-18,9.0
Luc Longley,2024-03-20,7.0
Luc Longley,2024-03-22,17.0
Luc Longley,2024-03-24,15.0
Luc Longley,2024-03-25,9.0
Luc Longley,2024-03-27,18.0
Luc Longley,2024-03-29,10.0
Luc Longley,2024-04-01,7.0
Luc Longley,2024-04-03,8.0
Luc Longley,2024-04-05,3.0
Luc Longley,2024-04-07,10.0
Luc Longley,2024-04-09,8.0
Luc Longley,2024-04-12,10.0
Luc Longley,2024-04-14,10.0
Luc Longley,2024-10-23,8.0
Luc Longley,2024-10-25,2.0
Luc Longley,2024-10-27,10.0
Luc Longley,2024-10-28,13.0
Luc Longley,2024-10-30,2.0
Luc Longley,2024-11-04,11.0
Luc Longley,2024-11-06,5.0
Luc Longley,2024-12-01,14.0
Luc Longley,2024-12-03,6.0
Luc Longley,2024-12-06,8.0
Luc Longley,2024-12-08,10.0
Luc Longley,2024-12-13,5.0
Luc Longley,2024-12-15,17.0
Luc Longley,2024-12-19,19.0
Luc Longley,2024-12-22,12.0
Luc Longley,2024-12-23,15.0
Luc Longley,2024-12-26,23.0
Luc Longley,2024-12-29,17.0
Luc Longley,2024-12-31,10.0
Luc Longley,2025-01-02,6.0
Luc Longley,2025-01-04,9.0
Luc Longley,2025-01-06,8.0
Luc Longley,2025-01-08,14.0
Luc Longley,2025-01-10,4.0
Luc Longley,2025-01-12,19.0
Mario Elie,2024-10-23,19.0
Mario Elie,2024-10-25,20.0
Mario Elie,2024-10-27,5.0
Mario Elie,2024-10-28,5.0
Mario Elie,2024-10-30,30.0
Mario Elie,2024-11-01,19.0
Mario Elie,2024-11-04,16.0
Mario Elie,2024-11-06,20.0
Mario Elie,2024-11-08,22.0
Mario Elie,2024-11-10,38.0
Mario Elie,2024-11-13,23.0
Mario Elie,2024-11-15,8.0
Mario Elie,2024-11-17,21.0
Mario Elie,2024-11-18,28.0
Mario Elie,2024-11-20,8.0
Mario Elie,2024-11-22,20.0
Mario Elie,2024-11-24,16.0
Mario Elie,2024-11-25,12.0
Mario Elie,2024-11-27,24.0
Mario Elie,2024-11-29,16.0
Mario Elie,2024-12-01,19.0
Mario Elie,2024-12-03,17.0
Mario Elie,2024-12-04,8.0
Mario Elie,2024-12-06,19.0
Mario Elie,2024-12-08,11.0
Mario Elie,2024-12-13,13.0
Mario Elie,2024-12-15,8.0
Mario Elie,2024-12-19,16.0
Mario Elie,2024-12-22,4.0
Mario Elie,2024-12-23,12.0
Mario Elie,2024-12-26,18.0
Mario Elie,2024-12-27,18.0
Mario Elie,2024-12-29,14.0
Mario Elie,2024-12-31,25.0
Mario Elie,2025-01-02,12.0
Mario Elie,2025-01-04,13.0
Mario Elie,2025-01-06,20.0
Mario Elie,2025-01-08,8.0
Mario Elie,2025-01-10,21.0
Mario Elie,2025-01-12,12.0
Mario Elie,2025-01-14,19.0
Mario Elie,2025-01-18,8.0
Mario Elie,2025-01-23,24.0
Mario Elie,2025-01-25,13.0
Mario Elie,2025-02-01,17.0
Mario Elie,2025-02-03,9.0
Mario Elie,2025-02-04,12.0
Mario Elie,2025-02-06,25.0
Mario Elie,2025-02-08,16.0
Mario Elie,2025-02-11,18.0
Marty Conlon,2024-10-23,6.0
Marty Conlon,2024-10-25,7.0
Marty Conlon,2024-10-27,2.0
Marty Conlon,2024-10-30,8.0
Marty Conlon,2024-11-01,8.0
Marty Conlon,2024-11-03,4.0
Marty Conlon,2024-11-08,8.0
Marty Conlon,2024-11-11,6.0
Marty Conlon,2024-11-15,4.0
Marty Conlon,2024-11-17,0.0
Marty Conlon,2024-11-19,10.0
Marty Conlon,2024-11-22,2.0
Marty Conlon,2024-11-24,4.0
Marty Conlon,2024-11-27,14.0
Marty Conlon,2024-11-29,4.0
Marty Conlon,2024-12-01,0.0
Marty Conlon,2024-12-04,7.0
Marty Conlon,2024-12-08,0.0
Marty Conlon,2024-12-13,2.0
Marty Conlon,2024-12-16,10.0
Marty Conlon,2024-12-19,12.0
Marty Conlon,2024-12-21,15.0
Marty Conlon,2024-12-23,4.0
Marty Conlon,2024-12-26,8.0
Marty Conlon,2024-12-29,6.0
Marty Conlon,2025-01-01,2.0
Marty Conlon,2025-01-10,10.0
Marty Conlon,2025-01-12,14.0
Marty Conlon,2025-01-14,5.0
Marty Conlon,2025-01-17,6.0
Marty Conlon,2025-01-29,10.0
Marty Conlon,2025-02-01,2.0
Marty Conlon,2025-02-05,4.0
Marty Conlon,2025-02-13,12.0
Marty Conlon,2025-02-20,6.0
Marty Conlon,2025-02-23,8.0
Micheal Williams,2024-10-23,0.0
Micheal Williams,2024-10-25,4.0
Micheal Williams,2024-10-27,6.0
Micheal Williams,2024-10-28,8.0
Micheal Williams,2024-10-30,7.0
Micheal Williams,2024-11-01,20.0
Micheal Williams,2024-11-04,3.0
Micheal Williams,2024-11-06,6.0
Micheal Williams,2024-11-08,2.0
Micheal Williams,2024-11-10,3.0
Micheal Williams,2024-11-13,5.0
Micheal Williams,2024-11-15,8.0
Micheal Williams,2024-11-17,3.0
Micheal Williams,2024-12-19,2.0
Micheal Williams,2024-12-22,14.0
Micheal Williams,2024-12-23,0.0
Micheal Williams,2024-12-26,5.0
Micheal Williams,2024-12-27,2.0
Micheal Williams,2024-12-29,8.0
Micheal Williams,2024-12-31,5.0
Micheal Williams,2025-01-02,3.0
Micheal Williams,2025-01-04,10.0
Micheal Williams,2025-01-06,0.0
Micheal Williams,2025-01-08,7.0
Micheal Williams,2025-01-10,5.0
Micheal Williams,2025-01-12,5.0
Micheal Williams,2025-01-14,7.0
Micheal Williams,2025-01-16,2.0
Micheal Williams,2025-01-18,12.0
Micheal Williams,2025-01-23,2.0
Micheal Williams,2025-01-25,0.0
Micheal Williams,2025-01-29,12.0
Micheal Williams,2025-02-01,6.0
Micheal Williams,2025-02-03,5.0
Micheal Williams,2025-02-04,9.0
Micheal Williams,2025-02-06,12.0
Micheal Williams,2025-02-08,10.0
Micheal Williams,2025-02-11,12.0
Micheal Williams,2025-02-12,4.0
Micheal Williams,2025-02-20,7.0
Micheal Williams,2025-02-23,2.0
Micheal Williams,2025-02-24,7.0
Micheal Williams,2025-02-26,4.0
Micheal Williams,2025-02-28,5.0
Monty Williams,2024-10-24,2.0
Monty Williams,2024-10-30,0.0
Monty Williams,2024-11-02,0.0
Monty Williams,2024-11-04,0.0
Monty Williams,2024-11-08,5.0
Monty Williams,2024-11-10,1.0
Monty Williams,2024-11-11,0.0
Monty Williams,2024-11-17,0.0
Monty Williams,2024-11-18,9.0
Monty Williams,2024-11-22,0.0
Monty Williams,2024-11-24,5.0
Monty Williams,2024-11-26,4.0
Monty Williams,2024-11-27,4.0
Monty Williams,2024-11-30,0.0
Monty Williams,2024-12-03,4.0
Monty Williams,2024-12-05,3.0
Monty Williams,2024-12-07,5.0
Monty Williams,2024-12-08,2.0
Monty Williams,2024-12-13,0.0
Monty Williams,2024-12-15,4.0
Monty Williams,2024-12-30,2.0
Monty Williams,2025-01-01,3.0
Monty Williams,2025-01-03,0.0
Monty Williams,2025-01-05,0.0
Monty Williams,2025-01-07,0.0
Monty Williams,2025-01-10,0.0
Monty Williams,2025-01-12,4.0
Monty Williams,2025-01-13,1.0
Monty Williams,2025-01-19,2.0
Monty Williams,2025-01-21,0.0
Monty Williams,2025-01-23,0.0
Monty Williams,2025-01-27,2.0
Monty Williams,2025-01-29,2.0
Monty Williams,2025-01-30,0.0
Monty Williams,2025-02-01,0.0
Monty Williams,2025-02-05,0.0
Richard Dumas,2023-10-24,17.0
Richard Dumas,2023-10-26,30.0
Richard Dumas,2023-10-29,30.0
Richard Dumas,2023-10-30,26.0
Richard Dumas,2023-11-01,27.0
Richard Dumas,2023-11-04,28.0
Richard Dumas,2023-11-06,9.0
Richard Dumas,2023-11-10,18.0
Richard Dumas,2023-11-12,30.0
Richard Dumas,2023-11-14,19.0
Richard Dumas,2023-11-15,9.0
Richard Dumas,2023-11-17,16.0
Richard Dumas,2023-11-19,27.0
Richard Dumas,2023-11-21,26.0
Richard Dumas,2023-11-22,10.0
Richard Dumas,2023-11-25,32.0
Richard Dumas,2023-11-27,17.0
Richard Dumas,2023-11-29,28.0
Richard Dumas,2023-11-30,31.0
Richard Dumas,2023-12-02,27.0
Richard Dumas,2023-12-05,27.0
Richard Dumas,2023-12-07,16.0
Richard Dumas,2023-12-12,37.0
Richard Dumas,2023-12-13,37.0
Richard Dumas,2023-12-18,32.0
Richard Dumas,2023-12-20,19.0
Richard Dumas,2023-12-21,31.0
Richard Dumas,2023-12-23,26.0
Richard Dumas,2023-12-25,40.0
Richard Dumas,2023-12-28,26.0
Richard Dumas,2023-12-30,33.0
Richard Dumas,2023-12-31,20.0
Richard Dumas,2024-01-03,29.0
Richard Dumas,2024-01-05,31.0
Richard Dumas,2024-01-07,22.0
Richard Dumas,2024-01-09,41.0
Richard Dumas,2024-01-11,13.0
Richard Dumas,2024-01-13,15.0
Richard Dumas,2024-01-15,27.0
Richard Dumas,2024-01-17,28.0
Richard Dumas,2024-01-19,26.0
Richard Dumas,2024-01-21,14.0
Richard Dumas,2024-01-23,26.0
Richard Dumas,2024-01-25,22.0
Richard Dumas,2024-01-27,29.0
Richard Dumas,2024-01-29,23.0
Richard Dumas,2024-02-03,12.0
Richard Dumas,2024-02-05,26.0
Richard Dumas,2024-02-08,32.0
Richard Dumas,2024-02-09,20.0
Richard Dumas,2024-02-13,20.0
Richard Dumas,2024-02-14,37.0
Richard Dumas,2024-02-22,27.0
Richard Dumas,2024-02-23,28.0
Richard Dumas,2024-02-25,22.0
Richard Dumas,2024-02-28,20.0
Richard Dumas,2024-02-29,40.0
Richard Dumas,2024-03-02,17.0
Richard Dumas,2024-03-04,24.0
Richard Dumas,2024-03-06,14.0
Richard Dumas,2024-03-08,22.0
Richard Dumas,2024-03-10,27.0
Richard Dumas,2024-03-13,22.0
Richard Dumas,2024-03-16,8.0
Richard Dumas,2024-03-18,22.0
Richard Dumas,2024-03-22,23.0
Richard Dumas,2024-03-24,36.0
Richard Dumas,2024-03-26,34.0
Richard Dumas,2024-03-29,24.0
Richard Dumas,2024-03-31,24.0
Richard Dumas,2024-04-02,21.0
Richard Dumas,2024-04-03,35.0
Richard Dumas,2024-04-06,22.0
Richard Dumas,2024-04-07,4.0
Richard Dumas,2024-04-12,36.0
Richard Dumas,2024-04-14,30.0
Richard Dumas,2024-10-22,36.0
Richard Dumas,2024-10-25,35.0
Richard Dumas,2024-10-26,31.0
Richard Dumas,2024-10-28,29.0
Richard Dumas,2024-10-30,22.0
Richard Dumas,2024-11-01,38.0
Richard Dumas,2024-11-04,37.0
Richard Dumas,2024-11-08,31.0
Richard Dumas,2024-11-10,22.0
Richard Dumas,2024-11-13,21.0
Richard Dumas,2024-11-15,40.0
Richard Dumas,2024-11-16,31.0
Richard Dumas,2024-11-19,26.0
Sedale Threatt,2024-10-23,0.0
Sedale Threatt,2024-10-25,0.0
Sedale Threatt,2024-10-27,2.0
Sedale Threatt,2024-11-12,0.0
Sedale Threatt,2024-12-03,5.0
Sedale Threatt,2025-01-23,0.0
Sedale Threatt,2025-02-03,13.0
Sedale Threatt,2025-02-07,2.0
Sedale Threatt,2025-02-08,2.0
Sedale Threatt,2025-02-12,3.0
Sedale Threatt,2025-03-03,3.0
Sedale Threatt,2025-03-10,3.0
Sedale Threatt,2025-03-15,9.0
Sedale Threatt,2025-03-17,8.0
Sedale Threatt,2025-03-19,12.0
Sedale Threatt,2025-03-21,14.0
Sedale Threatt,2025-03-22,9.0
Sedale Threatt,2025-03-24,17.0
Sedale Threatt,2025-03-26,9.0
Sedale Threatt,2025-03-27,2.0
Wayman Tisdale,2024-11-25,5.0
Wayman Tisdale,2024-11-27,3.0
Wayman Tisdale,2024-11-29,5.0
Wayman Tisdale,2024-11-30,9.0
Wayman Tisdale,2024-12-03,8.0
Wayman Tisdale,2024-12-12,4.0
Wayman Tisdale,2024-12-16,19.0
Wayman Tisdale,2024-12-19,9.0
Wayman Tisdale,2024-12-21,4.0
Wayman Tisdale,2024-12-23,8.0
Wayman Tisdale,2024-12-26,7.0
Wayman Tisdale,2024-12-28,10.0
Wayman Tisdale,2025-01-01,6.0
Wayman Tisdale,2025-01-03,4.0
Wayman Tisdale,2025-01-04,10.0
Wayman Tisdale,2025-01-09,9.0
Wayman Tisdale,2025-01-11,6.0
Wayman Tisdale,2025-01-13,11.0
Wayman Tisdale,2025-01-16,8.0
Wayman Tisdale,2025-01-18,6.0
Wayman Tisdale,2025-01-20,11.0
Wayman Tisdale,2025-01-22,16.0
Wayman Tisdale,2025-01-25,16.0
Wayman Tisdale,2025-01-27,0.0
Wayman Tisdale,2025-01-29,10.0
Wayman Tisdale,2025-01-31,2.0
Wayman Tisdale,2025-02-02,12.0
Wayman Tisdale,2025-02-03,13.0
Wayman Tisdale,2025-02-05,12.0
Wayman Tisdale,2025-02-07,14.0
Wayman Tisdale,2025-02-09,16.0
Wayman Tisdale,2025-02-11,16.0
Wayman Tisdale,2025-02-12,19.0
Wayman Tisdale,2025-02-21,8.0
Wayman Tisdale,2025-02-23,14.0
Wayman Tisdale,2025-02-24,10.0
Wayman Tisdale,2025-02-26,7.0
Wayman Tisdale,2025-02-28,13.0
Wayman Tisdale,2025-03-01,13.0
Wayman Tisdale,2025-03-03,17.0
Wayman Tisdale,2025-03-05,10.0
